1,CONTENT_1,NOT_ANSWERED,999999,999999
2,CONTENT_2,NOT_ANSWERED,999999,999999
3,CONTENT_3,NOT_ANSWERED,999999,999999
4,CONTENT_4,NOT_ANSWERED,999999,999999
5,CONTENT_5,NOT_ANSWERED,999999,999999
6,CONTENT_6,NOT_ANSWERED,999999,999999
7,CONTENT_7,NOT_ANSWERED,999999,999999
8,CONTENT_8,NOT_ANSWERED,999999,999999
9,CONTENT_9,NOT_ANSWERED,999999,999999
10,CONTENT_10,NOT_ANSWERED,999999,999999
11,CONTENT_11,NOT_ANSWERED,999999,999999
12,CONTENT_12,NOT_ANSWERED,999999,999999
13,CONTENT_13,NOT_ANSWERED,999999,999999
14,CONTENT_14,NOT_ANSWERED,999999,999999
15,CONTENT_15,NOT_ANSWERED,999999,999999
16,CONTENT_16,NOT_ANSWERED,999999,999999
17,CONTENT_17,NOT_ANSWERED,999999,999999
18,CONTENT_18,NOT_ANSWERED,999999,999999
19,CONTENT_19,NOT_ANSWERED,999999,999999
20,CONTENT_20,NOT_ANSWERED,999999,999999
21,CONTENT_21,NOT_ANSWERED,999999,999999
22,CONTENT_22,NOT_ANSWERED,999999,999999
23,CONTENT_23,NOT_ANSWERED,999999,999999
24,CONTENT_24,NOT_ANSWERED,999999,999999
25,CONTENT_25,NOT_ANSWERED,999999,999999
26,CONTENT_26,NOT_ANSWERED,999999,999999
27,CONTENT_27,NOT_ANSWERED,999999,999999
28,CONTENT_28,NOT_ANSWERED,999999,999999
29,CONTENT_29,NOT_ANSWERED,999999,999999
30,CONTENT_30,NOT_ANSWERED,999999,999999
31,CONTENT_31,NOT_ANSWERED,999999,999999
32,CONTENT_32,NOT_ANSWERED,999999,999999
33,CONTENT_33,NOT_ANSWERED,999999,999999
34,CONTENT_34,NOT_ANSWERED,999999,999999
35,CONTENT_35,NOT_ANSWERED,999999,999999
36,CONTENT_36,NOT_ANSWERED,999999,999999
37,CONTENT_37,NOT_ANSWERED,999999,999999
38,CONTENT_38,NOT_ANSWERED,999999,999999
39,CONTENT_39,NOT_ANSWERED,999999,999999
40,CONTENT_40,NOT_ANSWERED,999999,999999
41,CONTENT_41,NOT_ANSWERED,999999,999999
42,CONTENT_42,NOT_ANSWERED,999999,999999
43,CONTENT_43,NOT_ANSWERED,999999,999999
44,CONTENT_44,NOT_ANSWERED,999999,999999
45,CONTENT_45,NOT_ANSWERED,999999,999999
46,CONTENT_46,NOT_ANSWERED,999999,999999
47,CONTENT_47,NOT_ANSWERED,999999,999999
48,CONTENT_48,NOT_ANSWERED,999999,999999
49,CONTENT_49,NOT_ANSWERED,999999,999999
50,CONTENT_50,NOT_ANSWERED,999999,999999
51,CONTENT_51,NOT_ANSWERED,999999,999999
52,CONTENT_52,NOT_ANSWERED,999999,999999
53,CONTENT_53,NOT_ANSWERED,999999,999999
54,CONTENT_54,NOT_ANSWERED,999999,999999
55,CONTENT_55,NOT_ANSWERED,999999,999999
56,CONTENT_56,NOT_ANSWERED,999999,999999
57,CONTENT_57,NOT_ANSWERED,999999,999999
58,CONTENT_58,NOT_ANSWERED,999999,999999
59,CONTENT_59,NOT_ANSWERED,999999,999999
60,CONTENT_60,NOT_ANSWERED,999999,999999
61,CONTENT_61,NOT_ANSWERED,999999,999999
62,CONTENT_62,NOT_ANSWERED,999999,999999
63,CONTENT_63,NOT_ANSWERED,999999,999999
64,CONTENT_64,NOT_ANSWERED,999999,999999
65,CONTENT_65,NOT_ANSWERED,999999,999999
66,CONTENT_66,NOT_ANSWERED,999999,999999
67,CONTENT_67,NOT_ANSWERED,999999,999999
68,CONTENT_68,NOT_ANSWERED,999999,999999
69,CONTENT_69,NOT_ANSWERED,999999,999999
70,CONTENT_70,NOT_ANSWERED,999999,999999
71,CONTENT_71,NOT_ANSWERED,999999,999999
72,CONTENT_72,NOT_ANSWERED,999999,999999
73,CONTENT_73,NOT_ANSWERED,999999,999999
74,CONTENT_74,NOT_ANSWERED,999999,999999
75,CONTENT_75,NOT_ANSWERED,999999,999999
76,CONTENT_76,NOT_ANSWERED,999999,999999
77,CONTENT_77,NOT_ANSWERED,999999,999999
78,CONTENT_78,NOT_ANSWERED,999999,999999
79,CONTENT_79,NOT_ANSWERED,999999,999999
80,CONTENT_80,NOT_ANSWERED,999999,999999
81,CONTENT_81,NOT_ANSWERED,999999,999999
82,CONTENT_82,NOT_ANSWERED,999999,999999
83,CONTENT_83,NOT_ANSWERED,999999,999999
84,CONTENT_84,NOT_ANSWERED,999999,999999
85,CONTENT_85,NOT_ANSWERED,999999,999999
86,CONTENT_86,NOT_ANSWERED,999999,999999
87,CONTENT_87,NOT_ANSWERED,999999,999999
88,CONTENT_88,NOT_ANSWERED,999999,999999
89,CONTENT_89,NOT_ANSWERED,999999,999999
90,CONTENT_90,NOT_ANSWERED,999999,999999
91,CONTENT_91,NOT_ANSWERED,999999,999999
92,CONTENT_92,NOT_ANSWERED,999999,999999
93,CONTENT_93,NOT_ANSWERED,999999,999999
94,CONTENT_94,NOT_ANSWERED,999999,999999
95,CONTENT_95,NOT_ANSWERED,999999,999999
96,CONTENT_96,NOT_ANSWERED,999999,999999
97,CONTENT_97,NOT_ANSWERED,999999,999999
98,CONTENT_98,NOT_ANSWERED,999999,999999
99,CONTENT_99,NOT_ANSWERED,999999,999999
100,CONTENT_100,NOT_ANSWERED,999999,999999
101,CONTENT_101,NOT_ANSWERED,999999,999999
102,CONTENT_102,NOT_ANSWERED,999999,999999
103,CONTENT_103,NOT_ANSWERED,999999,999999
104,CONTENT_104,NOT_ANSWERED,999999,999999
105,CONTENT_105,NOT_ANSWERED,999999,999999
106,CONTENT_106,NOT_ANSWERED,999999,999999
107,CONTENT_107,NOT_ANSWERED,999999,999999
108,CONTENT_108,NOT_ANSWERED,999999,999999
109,CONTENT_109,NOT_ANSWERED,999999,999999
110,CONTENT_110,NOT_ANSWERED,999999,999999
111,CONTENT_111,NOT_ANSWERED,999999,999999
112,CONTENT_112,NOT_ANSWERED,999999,999999
113,CONTENT_113,NOT_ANSWERED,999999,999999
114,CONTENT_114,NOT_ANSWERED,999999,999999
115,CONTENT_115,NOT_ANSWERED,999999,999999
116,CONTENT_116,NOT_ANSWERED,999999,999999
117,CONTENT_117,NOT_ANSWERED,999999,999999
118,CONTENT_118,NOT_ANSWERED,999999,999999
119,CONTENT_119,NOT_ANSWERED,999999,999999
120,CONTENT_120,NOT_ANSWERED,999999,999999
121,CONTENT_121,NOT_ANSWERED,999999,999999
122,CONTENT_122,NOT_ANSWERED,999999,999999
123,CONTENT_123,NOT_ANSWERED,999999,999999
124,CONTENT_124,NOT_ANSWERED,999999,999999
125,CONTENT_125,NOT_ANSWERED,999999,999999
126,CONTENT_126,NOT_ANSWERED,999999,999999
127,CONTENT_127,NOT_ANSWERED,999999,999999
128,CONTENT_128,NOT_ANSWERED,999999,999999
129,CONTENT_129,NOT_ANSWERED,999999,999999
130,CONTENT_130,NOT_ANSWERED,999999,999999
131,CONTENT_131,NOT_ANSWERED,999999,999999
132,CONTENT_132,NOT_ANSWERED,999999,999999
133,CONTENT_133,NOT_ANSWERED,999999,999999
134,CONTENT_134,NOT_ANSWERED,999999,999999
135,CONTENT_135,NOT_ANSWERED,999999,999999
136,CONTENT_136,NOT_ANSWERED,999999,999999
137,CONTENT_137,NOT_ANSWERED,999999,999999
138,CONTENT_138,NOT_ANSWERED,999999,999999
139,CONTENT_139,NOT_ANSWERED,999999,999999
140,CONTENT_140,NOT_ANSWERED,999999,999999
141,CONTENT_141,NOT_ANSWERED,999999,999999
142,CONTENT_142,NOT_ANSWERED,999999,999999
143,CONTENT_143,NOT_ANSWERED,999999,999999
144,CONTENT_144,NOT_ANSWERED,999999,999999
145,CONTENT_145,NOT_ANSWERED,999999,999999
146,CONTENT_146,NOT_ANSWERED,999999,999999
147,CONTENT_147,NOT_ANSWERED,999999,999999
148,CONTENT_148,NOT_ANSWERED,999999,999999
149,CONTENT_149,NOT_ANSWERED,999999,999999
150,CONTENT_150,NOT_ANSWERED,999999,999999
151,CONTENT_151,NOT_ANSWERED,999999,999999
152,CONTENT_152,NOT_ANSWERED,999999,999999
153,CONTENT_153,NOT_ANSWERED,999999,999999
154,CONTENT_154,NOT_ANSWERED,999999,999999
155,CONTENT_155,NOT_ANSWERED,999999,999999
156,CONTENT_156,NOT_ANSWERED,999999,999999
157,CONTENT_157,NOT_ANSWERED,999999,999999
158,CONTENT_158,NOT_ANSWERED,999999,999999
159,CONTENT_159,NOT_ANSWERED,999999,999999
160,CONTENT_160,NOT_ANSWERED,999999,999999
161,CONTENT_161,NOT_ANSWERED,999999,999999
162,CONTENT_162,NOT_ANSWERED,999999,999999
163,CONTENT_163,NOT_ANSWERED,999999,999999
164,CONTENT_164,NOT_ANSWERED,999999,999999
165,CONTENT_165,NOT_ANSWERED,999999,999999
166,CONTENT_166,NOT_ANSWERED,999999,999999
167,CONTENT_167,NOT_ANSWERED,999999,999999
168,CONTENT_168,NOT_ANSWERED,999999,999999
169,CONTENT_169,NOT_ANSWERED,999999,999999
170,CONTENT_170,NOT_ANSWERED,999999,999999
171,CONTENT_171,NOT_ANSWERED,999999,999999
172,CONTENT_172,NOT_ANSWERED,999999,999999
173,CONTENT_173,NOT_ANSWERED,999999,999999
174,CONTENT_174,NOT_ANSWERED,999999,999999
175,CONTENT_175,NOT_ANSWERED,999999,999999
176,CONTENT_176,NOT_ANSWERED,999999,999999
177,CONTENT_177,NOT_ANSWERED,999999,999999
178,CONTENT_178,NOT_ANSWERED,999999,999999
179,CONTENT_179,NOT_ANSWERED,999999,999999
180,CONTENT_180,NOT_ANSWERED,999999,999999
181,CONTENT_181,NOT_ANSWERED,999999,999999
182,CONTENT_182,NOT_ANSWERED,999999,999999
183,CONTENT_183,NOT_ANSWERED,999999,999999
184,CONTENT_184,NOT_ANSWERED,999999,999999
185,CONTENT_185,NOT_ANSWERED,999999,999999
186,CONTENT_186,NOT_ANSWERED,999999,999999
187,CONTENT_187,NOT_ANSWERED,999999,999999
188,CONTENT_188,NOT_ANSWERED,999999,999999
189,CONTENT_189,NOT_ANSWERED,999999,999999
190,CONTENT_190,NOT_ANSWERED,999999,999999
191,CONTENT_191,NOT_ANSWERED,999999,999999
192,CONTENT_192,NOT_ANSWERED,999999,999999
193,CONTENT_193,NOT_ANSWERED,999999,999999
194,CONTENT_194,NOT_ANSWERED,999999,999999
195,CONTENT_195,NOT_ANSWERED,999999,999999
196,CONTENT_196,NOT_ANSWERED,999999,999999
197,CONTENT_197,NOT_ANSWERED,999999,999999
198,CONTENT_198,NOT_ANSWERED,999999,999999
199,CONTENT_199,NOT_ANSWERED,999999,999999
200,CONTENT_200,NOT_ANSWERED,999999,999999
201,CONTENT_201,NOT_ANSWERED,999999,999999
202,CONTENT_202,NOT_ANSWERED,999999,999999
203,CONTENT_203,NOT_ANSWERED,999999,999999
204,CONTENT_204,NOT_ANSWERED,999999,999999
205,CONTENT_205,NOT_ANSWERED,999999,999999
206,CONTENT_206,NOT_ANSWERED,999999,999999
207,CONTENT_207,NOT_ANSWERED,999999,999999
208,CONTENT_208,NOT_ANSWERED,999999,999999
209,CONTENT_209,NOT_ANSWERED,999999,999999
210,CONTENT_210,NOT_ANSWERED,999999,999999
211,CONTENT_211,NOT_ANSWERED,999999,999999
212,CONTENT_212,NOT_ANSWERED,999999,999999
213,CONTENT_213,NOT_ANSWERED,999999,999999
214,CONTENT_214,NOT_ANSWERED,999999,999999
215,CONTENT_215,NOT_ANSWERED,999999,999999
216,CONTENT_216,NOT_ANSWERED,999999,999999
217,CONTENT_217,NOT_ANSWERED,999999,999999
218,CONTENT_218,NOT_ANSWERED,999999,999999
219,CONTENT_219,NOT_ANSWERED,999999,999999
220,CONTENT_220,NOT_ANSWERED,999999,999999
221,CONTENT_221,NOT_ANSWERED,999999,999999
222,CONTENT_222,NOT_ANSWERED,999999,999999
223,CONTENT_223,NOT_ANSWERED,999999,999999
224,CONTENT_224,NOT_ANSWERED,999999,999999
225,CONTENT_225,NOT_ANSWERED,999999,999999
226,CONTENT_226,NOT_ANSWERED,999999,999999
227,CONTENT_227,NOT_ANSWERED,999999,999999
228,CONTENT_228,NOT_ANSWERED,999999,999999
229,CONTENT_229,NOT_ANSWERED,999999,999999
230,CONTENT_230,NOT_ANSWERED,999999,999999
231,CONTENT_231,NOT_ANSWERED,999999,999999
232,CONTENT_232,NOT_ANSWERED,999999,999999
233,CONTENT_233,NOT_ANSWERED,999999,999999
234,CONTENT_234,NOT_ANSWERED,999999,999999
235,CONTENT_235,NOT_ANSWERED,999999,999999
236,CONTENT_236,NOT_ANSWERED,999999,999999
237,CONTENT_237,NOT_ANSWERED,999999,999999
238,CONTENT_238,NOT_ANSWERED,999999,999999
239,CONTENT_239,NOT_ANSWERED,999999,999999
240,CONTENT_240,NOT_ANSWERED,999999,999999
241,CONTENT_241,NOT_ANSWERED,999999,999999
242,CONTENT_242,NOT_ANSWERED,999999,999999
243,CONTENT_243,NOT_ANSWERED,999999,999999
244,CONTENT_244,NOT_ANSWERED,999999,999999
245,CONTENT_245,NOT_ANSWERED,999999,999999
246,CONTENT_246,NOT_ANSWERED,999999,999999
247,CONTENT_247,NOT_ANSWERED,999999,999999
248,CONTENT_248,NOT_ANSWERED,999999,999999
249,CONTENT_249,NOT_ANSWERED,999999,999999
250,CONTENT_250,NOT_ANSWERED,999999,999999
251,CONTENT_251,NOT_ANSWERED,999999,999999
252,CONTENT_252,NOT_ANSWERED,999999,999999
253,CONTENT_253,NOT_ANSWERED,999999,999999
254,CONTENT_254,NOT_ANSWERED,999999,999999
255,CONTENT_255,NOT_ANSWERED,999999,999999
256,CONTENT_256,NOT_ANSWERED,999999,999999
257,CONTENT_257,NOT_ANSWERED,999999,999999
258,CONTENT_258,NOT_ANSWERED,999999,999999
259,CONTENT_259,NOT_ANSWERED,999999,999999
260,CONTENT_260,NOT_ANSWERED,999999,999999
261,CONTENT_261,NOT_ANSWERED,999999,999999
262,CONTENT_262,NOT_ANSWERED,999999,999999
263,CONTENT_263,NOT_ANSWERED,999999,999999
264,CONTENT_264,NOT_ANSWERED,999999,999999
265,CONTENT_265,NOT_ANSWERED,999999,999999
266,CONTENT_266,NOT_ANSWERED,999999,999999
267,CONTENT_267,NOT_ANSWERED,999999,999999
268,CONTENT_268,NOT_ANSWERED,999999,999999
269,CONTENT_269,NOT_ANSWERED,999999,999999
270,CONTENT_270,NOT_ANSWERED,999999,999999
271,CONTENT_271,NOT_ANSWERED,999999,999999
272,CONTENT_272,NOT_ANSWERED,999999,999999
273,CONTENT_273,NOT_ANSWERED,999999,999999
274,CONTENT_274,NOT_ANSWERED,999999,999999
275,CONTENT_275,NOT_ANSWERED,999999,999999
276,CONTENT_276,NOT_ANSWERED,999999,999999
277,CONTENT_277,NOT_ANSWERED,999999,999999
278,CONTENT_278,NOT_ANSWERED,999999,999999
279,CONTENT_279,NOT_ANSWERED,999999,999999
280,CONTENT_280,NOT_ANSWERED,999999,999999
281,CONTENT_281,NOT_ANSWERED,999999,999999
282,CONTENT_282,NOT_ANSWERED,999999,999999
283,CONTENT_283,NOT_ANSWERED,999999,999999
284,CONTENT_284,NOT_ANSWERED,999999,999999
285,CONTENT_285,NOT_ANSWERED,999999,999999
286,CONTENT_286,NOT_ANSWERED,999999,999999
287,CONTENT_287,NOT_ANSWERED,999999,999999
288,CONTENT_288,NOT_ANSWERED,999999,999999
289,CONTENT_289,NOT_ANSWERED,999999,999999
290,CONTENT_290,NOT_ANSWERED,999999,999999
291,CONTENT_291,NOT_ANSWERED,999999,999999
292,CONTENT_292,NOT_ANSWERED,999999,999999
293,CONTENT_293,NOT_ANSWERED,999999,999999
294,CONTENT_294,NOT_ANSWERED,999999,999999
295,CONTENT_295,NOT_ANSWERED,999999,999999
296,CONTENT_296,NOT_ANSWERED,999999,999999
297,CONTENT_297,NOT_ANSWERED,999999,999999
298,CONTENT_298,NOT_ANSWERED,999999,999999
299,CONTENT_299,NOT_ANSWERED,999999,999999
300,CONTENT_300,NOT_ANSWERED,999999,999999
301,CONTENT_301,NOT_ANSWERED,999999,999999
302,CONTENT_302,NOT_ANSWERED,999999,999999
303,CONTENT_303,NOT_ANSWERED,999999,999999
304,CONTENT_304,NOT_ANSWERED,999999,999999
305,CONTENT_305,NOT_ANSWERED,999999,999999
306,CONTENT_306,NOT_ANSWERED,999999,999999
307,CONTENT_307,NOT_ANSWERED,999999,999999
308,CONTENT_308,NOT_ANSWERED,999999,999999
309,CONTENT_309,NOT_ANSWERED,999999,999999
310,CONTENT_310,NOT_ANSWERED,999999,999999
311,CONTENT_311,NOT_ANSWERED,999999,999999
312,CONTENT_312,NOT_ANSWERED,999999,999999
313,CONTENT_313,NOT_ANSWERED,999999,999999
314,CONTENT_314,NOT_ANSWERED,999999,999999
315,CONTENT_315,NOT_ANSWERED,999999,999999
316,CONTENT_316,NOT_ANSWERED,999999,999999
317,CONTENT_317,NOT_ANSWERED,999999,999999
318,CONTENT_318,NOT_ANSWERED,999999,999999
319,CONTENT_319,NOT_ANSWERED,999999,999999
320,CONTENT_320,NOT_ANSWERED,999999,999999
321,CONTENT_321,NOT_ANSWERED,999999,999999
322,CONTENT_322,NOT_ANSWERED,999999,999999
323,CONTENT_323,NOT_ANSWERED,999999,999999
324,CONTENT_324,NOT_ANSWERED,999999,999999
325,CONTENT_325,NOT_ANSWERED,999999,999999
326,CONTENT_326,NOT_ANSWERED,999999,999999
327,CONTENT_327,NOT_ANSWERED,999999,999999
328,CONTENT_328,NOT_ANSWERED,999999,999999
329,CONTENT_329,NOT_ANSWERED,999999,999999
330,CONTENT_330,NOT_ANSWERED,999999,999999
331,CONTENT_331,NOT_ANSWERED,999999,999999
332,CONTENT_332,NOT_ANSWERED,999999,999999
333,CONTENT_333,NOT_ANSWERED,999999,999999
334,CONTENT_334,NOT_ANSWERED,999999,999999
335,CONTENT_335,NOT_ANSWERED,999999,999999
336,CONTENT_336,NOT_ANSWERED,999999,999999
337,CONTENT_337,NOT_ANSWERED,999999,999999
338,CONTENT_338,NOT_ANSWERED,999999,999999
339,CONTENT_339,NOT_ANSWERED,999999,999999
340,CONTENT_340,NOT_ANSWERED,999999,999999
341,CONTENT_341,NOT_ANSWERED,999999,999999
342,CONTENT_342,NOT_ANSWERED,999999,999999
343,CONTENT_343,NOT_ANSWERED,999999,999999
344,CONTENT_344,NOT_ANSWERED,999999,999999
345,CONTENT_345,NOT_ANSWERED,999999,999999
346,CONTENT_346,NOT_ANSWERED,999999,999999
347,CONTENT_347,NOT_ANSWERED,999999,999999
348,CONTENT_348,NOT_ANSWERED,999999,999999
349,CONTENT_349,NOT_ANSWERED,999999,999999
350,CONTENT_350,NOT_ANSWERED,999999,999999
351,CONTENT_351,NOT_ANSWERED,999999,999999
352,CONTENT_352,NOT_ANSWERED,999999,999999
353,CONTENT_353,NOT_ANSWERED,999999,999999
354,CONTENT_354,NOT_ANSWERED,999999,999999
355,CONTENT_355,NOT_ANSWERED,999999,999999
356,CONTENT_356,NOT_ANSWERED,999999,999999
357,CONTENT_357,NOT_ANSWERED,999999,999999
358,CONTENT_358,NOT_ANSWERED,999999,999999
359,CONTENT_359,NOT_ANSWERED,999999,999999
360,CONTENT_360,NOT_ANSWERED,999999,999999
361,CONTENT_361,NOT_ANSWERED,999999,999999
362,CONTENT_362,NOT_ANSWERED,999999,999999
363,CONTENT_363,NOT_ANSWERED,999999,999999
364,CONTENT_364,NOT_ANSWERED,999999,999999
365,CONTENT_365,NOT_ANSWERED,999999,999999
366,CONTENT_366,NOT_ANSWERED,999999,999999
367,CONTENT_367,NOT_ANSWERED,999999,999999
368,CONTENT_368,NOT_ANSWERED,999999,999999
369,CONTENT_369,NOT_ANSWERED,999999,999999
370,CONTENT_370,NOT_ANSWERED,999999,999999
371,CONTENT_371,NOT_ANSWERED,999999,999999
372,CONTENT_372,NOT_ANSWERED,999999,999999
373,CONTENT_373,NOT_ANSWERED,999999,999999
374,CONTENT_374,NOT_ANSWERED,999999,999999
375,CONTENT_375,NOT_ANSWERED,999999,999999
376,CONTENT_376,NOT_ANSWERED,999999,999999
377,CONTENT_377,NOT_ANSWERED,999999,999999
378,CONTENT_378,NOT_ANSWERED,999999,999999
379,CONTENT_379,NOT_ANSWERED,999999,999999
380,CONTENT_380,NOT_ANSWERED,999999,999999
381,CONTENT_381,NOT_ANSWERED,999999,999999
382,CONTENT_382,NOT_ANSWERED,999999,999999
383,CONTENT_383,NOT_ANSWERED,999999,999999
384,CONTENT_384,NOT_ANSWERED,999999,999999
385,CONTENT_385,NOT_ANSWERED,999999,999999
386,CONTENT_386,NOT_ANSWERED,999999,999999
387,CONTENT_387,NOT_ANSWERED,999999,999999
388,CONTENT_388,NOT_ANSWERED,999999,999999
389,CONTENT_389,NOT_ANSWERED,999999,999999
390,CONTENT_390,NOT_ANSWERED,999999,999999
391,CONTENT_391,NOT_ANSWERED,999999,999999
392,CONTENT_392,NOT_ANSWERED,999999,999999
393,CONTENT_393,NOT_ANSWERED,999999,999999
394,CONTENT_394,NOT_ANSWERED,999999,999999
395,CONTENT_395,NOT_ANSWERED,999999,999999
396,CONTENT_396,NOT_ANSWERED,999999,999999
397,CONTENT_397,NOT_ANSWERED,999999,999999
398,CONTENT_398,NOT_ANSWERED,999999,999999
399,CONTENT_399,NOT_ANSWERED,999999,999999
400,CONTENT_400,NOT_ANSWERED,999999,999999
401,CONTENT_401,NOT_ANSWERED,999999,999999
402,CONTENT_402,NOT_ANSWERED,999999,999999
403,CONTENT_403,NOT_ANSWERED,999999,999999
404,CONTENT_404,NOT_ANSWERED,999999,999999
405,CONTENT_405,NOT_ANSWERED,999999,999999
406,CONTENT_406,NOT_ANSWERED,999999,999999
407,CONTENT_407,NOT_ANSWERED,999999,999999
408,CONTENT_408,NOT_ANSWERED,999999,999999
409,CONTENT_409,NOT_ANSWERED,999999,999999
410,CONTENT_410,NOT_ANSWERED,999999,999999
411,CONTENT_411,NOT_ANSWERED,999999,999999
412,CONTENT_412,NOT_ANSWERED,999999,999999
413,CONTENT_413,NOT_ANSWERED,999999,999999
414,CONTENT_414,NOT_ANSWERED,999999,999999
415,CONTENT_415,NOT_ANSWERED,999999,999999
416,CONTENT_416,NOT_ANSWERED,999999,999999
417,CONTENT_417,NOT_ANSWERED,999999,999999
418,CONTENT_418,NOT_ANSWERED,999999,999999
419,CONTENT_419,NOT_ANSWERED,999999,999999
420,CONTENT_420,NOT_ANSWERED,999999,999999
421,CONTENT_421,NOT_ANSWERED,999999,999999
422,CONTENT_422,NOT_ANSWERED,999999,999999
423,CONTENT_423,NOT_ANSWERED,999999,999999
424,CONTENT_424,NOT_ANSWERED,999999,999999
425,CONTENT_425,NOT_ANSWERED,999999,999999
426,CONTENT_426,NOT_ANSWERED,999999,999999
427,CONTENT_427,NOT_ANSWERED,999999,999999
428,CONTENT_428,NOT_ANSWERED,999999,999999
429,CONTENT_429,NOT_ANSWERED,999999,999999
430,CONTENT_430,NOT_ANSWERED,999999,999999
431,CONTENT_431,NOT_ANSWERED,999999,999999
432,CONTENT_432,NOT_ANSWERED,999999,999999
433,CONTENT_433,NOT_ANSWERED,999999,999999
434,CONTENT_434,NOT_ANSWERED,999999,999999
435,CONTENT_435,NOT_ANSWERED,999999,999999
436,CONTENT_436,NOT_ANSWERED,999999,999999
437,CONTENT_437,NOT_ANSWERED,999999,999999
438,CONTENT_438,NOT_ANSWERED,999999,999999
439,CONTENT_439,NOT_ANSWERED,999999,999999
440,CONTENT_440,NOT_ANSWERED,999999,999999
441,CONTENT_441,NOT_ANSWERED,999999,999999
442,CONTENT_442,NOT_ANSWERED,999999,999999
443,CONTENT_443,NOT_ANSWERED,999999,999999
444,CONTENT_444,NOT_ANSWERED,999999,999999
445,CONTENT_445,NOT_ANSWERED,999999,999999
446,CONTENT_446,NOT_ANSWERED,999999,999999
447,CONTENT_447,NOT_ANSWERED,999999,999999
448,CONTENT_448,NOT_ANSWERED,999999,999999
449,CONTENT_449,NOT_ANSWERED,999999,999999
450,CONTENT_450,NOT_ANSWERED,999999,999999
451,CONTENT_451,NOT_ANSWERED,999999,999999
452,CONTENT_452,NOT_ANSWERED,999999,999999
453,CONTENT_453,NOT_ANSWERED,999999,999999
454,CONTENT_454,NOT_ANSWERED,999999,999999
455,CONTENT_455,NOT_ANSWERED,999999,999999
456,CONTENT_456,NOT_ANSWERED,999999,999999
457,CONTENT_457,NOT_ANSWERED,999999,999999
458,CONTENT_458,NOT_ANSWERED,999999,999999
459,CONTENT_459,NOT_ANSWERED,999999,999999
460,CONTENT_460,NOT_ANSWERED,999999,999999
461,CONTENT_461,NOT_ANSWERED,999999,999999
462,CONTENT_462,NOT_ANSWERED,999999,999999
463,CONTENT_463,NOT_ANSWERED,999999,999999
464,CONTENT_464,NOT_ANSWERED,999999,999999
465,CONTENT_465,NOT_ANSWERED,999999,999999
466,CONTENT_466,NOT_ANSWERED,999999,999999
467,CONTENT_467,NOT_ANSWERED,999999,999999
468,CONTENT_468,NOT_ANSWERED,999999,999999
469,CONTENT_469,NOT_ANSWERED,999999,999999
470,CONTENT_470,NOT_ANSWERED,999999,999999
471,CONTENT_471,NOT_ANSWERED,999999,999999
472,CONTENT_472,NOT_ANSWERED,999999,999999
473,CONTENT_473,NOT_ANSWERED,999999,999999
474,CONTENT_474,NOT_ANSWERED,999999,999999
475,CONTENT_475,NOT_ANSWERED,999999,999999
476,CONTENT_476,NOT_ANSWERED,999999,999999
477,CONTENT_477,NOT_ANSWERED,999999,999999
478,CONTENT_478,NOT_ANSWERED,999999,999999
479,CONTENT_479,NOT_ANSWERED,999999,999999
480,CONTENT_480,NOT_ANSWERED,999999,999999
481,CONTENT_481,NOT_ANSWERED,999999,999999
482,CONTENT_482,NOT_ANSWERED,999999,999999
483,CONTENT_483,NOT_ANSWERED,999999,999999
484,CONTENT_484,NOT_ANSWERED,999999,999999
485,CONTENT_485,NOT_ANSWERED,999999,999999
486,CONTENT_486,NOT_ANSWERED,999999,999999
487,CONTENT_487,NOT_ANSWERED,999999,999999
488,CONTENT_488,NOT_ANSWERED,999999,999999
489,CONTENT_489,NOT_ANSWERED,999999,999999
490,CONTENT_490,NOT_ANSWERED,999999,999999
491,CONTENT_491,NOT_ANSWERED,999999,999999
492,CONTENT_492,NOT_ANSWERED,999999,999999
493,CONTENT_493,NOT_ANSWERED,999999,999999
494,CONTENT_494,NOT_ANSWERED,999999,999999
495,CONTENT_495,NOT_ANSWERED,999999,999999
496,CONTENT_496,NOT_ANSWERED,999999,999999
497,CONTENT_497,NOT_ANSWERED,999999,999999
498,CONTENT_498,NOT_ANSWERED,999999,999999
499,CONTENT_499,NOT_ANSWERED,999999,999999
500,CONTENT_500,NOT_ANSWERED,999999,999999
501,CONTENT_501,NOT_ANSWERED,999999,999999
502,CONTENT_502,NOT_ANSWERED,999999,999999
503,CONTENT_503,NOT_ANSWERED,999999,999999
504,CONTENT_504,NOT_ANSWERED,999999,999999
505,CONTENT_505,NOT_ANSWERED,999999,999999
506,CONTENT_506,NOT_ANSWERED,999999,999999
507,CONTENT_507,NOT_ANSWERED,999999,999999
508,CONTENT_508,NOT_ANSWERED,999999,999999
509,CONTENT_509,NOT_ANSWERED,999999,999999
510,CONTENT_510,NOT_ANSWERED,999999,999999
511,CONTENT_511,NOT_ANSWERED,999999,999999
512,CONTENT_512,NOT_ANSWERED,999999,999999
513,CONTENT_513,NOT_ANSWERED,999999,999999
514,CONTENT_514,NOT_ANSWERED,999999,999999
515,CONTENT_515,NOT_ANSWERED,999999,999999
516,CONTENT_516,NOT_ANSWERED,999999,999999
517,CONTENT_517,NOT_ANSWERED,999999,999999
518,CONTENT_518,NOT_ANSWERED,999999,999999
519,CONTENT_519,NOT_ANSWERED,999999,999999
520,CONTENT_520,NOT_ANSWERED,999999,999999
521,CONTENT_521,NOT_ANSWERED,999999,999999
522,CONTENT_522,NOT_ANSWERED,999999,999999
523,CONTENT_523,NOT_ANSWERED,999999,999999
524,CONTENT_524,NOT_ANSWERED,999999,999999
525,CONTENT_525,NOT_ANSWERED,999999,999999
526,CONTENT_526,NOT_ANSWERED,999999,999999
527,CONTENT_527,NOT_ANSWERED,999999,999999
528,CONTENT_528,NOT_ANSWERED,999999,999999
529,CONTENT_529,NOT_ANSWERED,999999,999999
530,CONTENT_530,NOT_ANSWERED,999999,999999
531,CONTENT_531,NOT_ANSWERED,999999,999999
532,CONTENT_532,NOT_ANSWERED,999999,999999
533,CONTENT_533,NOT_ANSWERED,999999,999999
534,CONTENT_534,NOT_ANSWERED,999999,999999
535,CONTENT_535,NOT_ANSWERED,999999,999999
536,CONTENT_536,NOT_ANSWERED,999999,999999
537,CONTENT_537,NOT_ANSWERED,999999,999999
538,CONTENT_538,NOT_ANSWERED,999999,999999
539,CONTENT_539,NOT_ANSWERED,999999,999999
540,CONTENT_540,NOT_ANSWERED,999999,999999
541,CONTENT_541,NOT_ANSWERED,999999,999999
542,CONTENT_542,NOT_ANSWERED,999999,999999
543,CONTENT_543,NOT_ANSWERED,999999,999999
544,CONTENT_544,NOT_ANSWERED,999999,999999
545,CONTENT_545,NOT_ANSWERED,999999,999999
546,CONTENT_546,NOT_ANSWERED,999999,999999
547,CONTENT_547,NOT_ANSWERED,999999,999999
548,CONTENT_548,NOT_ANSWERED,999999,999999
549,CONTENT_549,NOT_ANSWERED,999999,999999
550,CONTENT_550,NOT_ANSWERED,999999,999999
551,CONTENT_551,NOT_ANSWERED,999999,999999
552,CONTENT_552,NOT_ANSWERED,999999,999999
553,CONTENT_553,NOT_ANSWERED,999999,999999
554,CONTENT_554,NOT_ANSWERED,999999,999999
555,CONTENT_555,NOT_ANSWERED,999999,999999
556,CONTENT_556,NOT_ANSWERED,999999,999999
557,CONTENT_557,NOT_ANSWERED,999999,999999
558,CONTENT_558,NOT_ANSWERED,999999,999999
559,CONTENT_559,NOT_ANSWERED,999999,999999
560,CONTENT_560,NOT_ANSWERED,999999,999999
561,CONTENT_561,NOT_ANSWERED,999999,999999
562,CONTENT_562,NOT_ANSWERED,999999,999999
563,CONTENT_563,NOT_ANSWERED,999999,999999
564,CONTENT_564,NOT_ANSWERED,999999,999999
565,CONTENT_565,NOT_ANSWERED,999999,999999
566,CONTENT_566,NOT_ANSWERED,999999,999999
567,CONTENT_567,NOT_ANSWERED,999999,999999
568,CONTENT_568,NOT_ANSWERED,999999,999999
569,CONTENT_569,NOT_ANSWERED,999999,999999
570,CONTENT_570,NOT_ANSWERED,999999,999999
571,CONTENT_571,NOT_ANSWERED,999999,999999
572,CONTENT_572,NOT_ANSWERED,999999,999999
573,CONTENT_573,NOT_ANSWERED,999999,999999
574,CONTENT_574,NOT_ANSWERED,999999,999999
575,CONTENT_575,NOT_ANSWERED,999999,999999
576,CONTENT_576,NOT_ANSWERED,999999,999999
577,CONTENT_577,NOT_ANSWERED,999999,999999
578,CONTENT_578,NOT_ANSWERED,999999,999999
579,CONTENT_579,NOT_ANSWERED,999999,999999
580,CONTENT_580,NOT_ANSWERED,999999,999999
581,CONTENT_581,NOT_ANSWERED,999999,999999
582,CONTENT_582,NOT_ANSWERED,999999,999999
583,CONTENT_583,NOT_ANSWERED,999999,999999
584,CONTENT_584,NOT_ANSWERED,999999,999999
585,CONTENT_585,NOT_ANSWERED,999999,999999
586,CONTENT_586,NOT_ANSWERED,999999,999999
587,CONTENT_587,NOT_ANSWERED,999999,999999
588,CONTENT_588,NOT_ANSWERED,999999,999999
589,CONTENT_589,NOT_ANSWERED,999999,999999
590,CONTENT_590,NOT_ANSWERED,999999,999999
591,CONTENT_591,NOT_ANSWERED,999999,999999
592,CONTENT_592,NOT_ANSWERED,999999,999999
593,CONTENT_593,NOT_ANSWERED,999999,999999
594,CONTENT_594,NOT_ANSWERED,999999,999999
595,CONTENT_595,NOT_ANSWERED,999999,999999
596,CONTENT_596,NOT_ANSWERED,999999,999999
597,CONTENT_597,NOT_ANSWERED,999999,999999
598,CONTENT_598,NOT_ANSWERED,999999,999999
599,CONTENT_599,NOT_ANSWERED,999999,999999
600,CONTENT_600,NOT_ANSWERED,999999,999999
601,CONTENT_601,NOT_ANSWERED,999999,999999
602,CONTENT_602,NOT_ANSWERED,999999,999999
603,CONTENT_603,NOT_ANSWERED,999999,999999
604,CONTENT_604,NOT_ANSWERED,999999,999999
605,CONTENT_605,NOT_ANSWERED,999999,999999
606,CONTENT_606,NOT_ANSWERED,999999,999999
607,CONTENT_607,NOT_ANSWERED,999999,999999
608,CONTENT_608,NOT_ANSWERED,999999,999999
609,CONTENT_609,NOT_ANSWERED,999999,999999
610,CONTENT_610,NOT_ANSWERED,999999,999999
611,CONTENT_611,NOT_ANSWERED,999999,999999
612,CONTENT_612,NOT_ANSWERED,999999,999999
613,CONTENT_613,NOT_ANSWERED,999999,999999
614,CONTENT_614,NOT_ANSWERED,999999,999999
615,CONTENT_615,NOT_ANSWERED,999999,999999
616,CONTENT_616,NOT_ANSWERED,999999,999999
617,CONTENT_617,NOT_ANSWERED,999999,999999
618,CONTENT_618,NOT_ANSWERED,999999,999999
619,CONTENT_619,NOT_ANSWERED,999999,999999
620,CONTENT_620,NOT_ANSWERED,999999,999999
621,CONTENT_621,NOT_ANSWERED,999999,999999
622,CONTENT_622,NOT_ANSWERED,999999,999999
623,CONTENT_623,NOT_ANSWERED,999999,999999
624,CONTENT_624,NOT_ANSWERED,999999,999999
625,CONTENT_625,NOT_ANSWERED,999999,999999
626,CONTENT_626,NOT_ANSWERED,999999,999999
627,CONTENT_627,NOT_ANSWERED,999999,999999
628,CONTENT_628,NOT_ANSWERED,999999,999999
629,CONTENT_629,NOT_ANSWERED,999999,999999
630,CONTENT_630,NOT_ANSWERED,999999,999999
631,CONTENT_631,NOT_ANSWERED,999999,999999
632,CONTENT_632,NOT_ANSWERED,999999,999999
633,CONTENT_633,NOT_ANSWERED,999999,999999
634,CONTENT_634,NOT_ANSWERED,999999,999999
635,CONTENT_635,NOT_ANSWERED,999999,999999
636,CONTENT_636,NOT_ANSWERED,999999,999999
637,CONTENT_637,NOT_ANSWERED,999999,999999
638,CONTENT_638,NOT_ANSWERED,999999,999999
639,CONTENT_639,NOT_ANSWERED,999999,999999
640,CONTENT_640,NOT_ANSWERED,999999,999999
641,CONTENT_641,NOT_ANSWERED,999999,999999
642,CONTENT_642,NOT_ANSWERED,999999,999999
643,CONTENT_643,NOT_ANSWERED,999999,999999
644,CONTENT_644,NOT_ANSWERED,999999,999999
645,CONTENT_645,NOT_ANSWERED,999999,999999
646,CONTENT_646,NOT_ANSWERED,999999,999999
647,CONTENT_647,NOT_ANSWERED,999999,999999
648,CONTENT_648,NOT_ANSWERED,999999,999999
649,CONTENT_649,NOT_ANSWERED,999999,999999
650,CONTENT_650,NOT_ANSWERED,999999,999999
651,CONTENT_651,NOT_ANSWERED,999999,999999
652,CONTENT_652,NOT_ANSWERED,999999,999999
653,CONTENT_653,NOT_ANSWERED,999999,999999
654,CONTENT_654,NOT_ANSWERED,999999,999999
655,CONTENT_655,NOT_ANSWERED,999999,999999
656,CONTENT_656,NOT_ANSWERED,999999,999999
657,CONTENT_657,NOT_ANSWERED,999999,999999
658,CONTENT_658,NOT_ANSWERED,999999,999999
659,CONTENT_659,NOT_ANSWERED,999999,999999
660,CONTENT_660,NOT_ANSWERED,999999,999999
661,CONTENT_661,NOT_ANSWERED,999999,999999
662,CONTENT_662,NOT_ANSWERED,999999,999999
663,CONTENT_663,NOT_ANSWERED,999999,999999
664,CONTENT_664,NOT_ANSWERED,999999,999999
665,CONTENT_665,NOT_ANSWERED,999999,999999
666,CONTENT_666,NOT_ANSWERED,999999,999999
667,CONTENT_667,NOT_ANSWERED,999999,999999
668,CONTENT_668,NOT_ANSWERED,999999,999999
669,CONTENT_669,NOT_ANSWERED,999999,999999
670,CONTENT_670,NOT_ANSWERED,999999,999999
671,CONTENT_671,NOT_ANSWERED,999999,999999
672,CONTENT_672,NOT_ANSWERED,999999,999999
673,CONTENT_673,NOT_ANSWERED,999999,999999
674,CONTENT_674,NOT_ANSWERED,999999,999999
675,CONTENT_675,NOT_ANSWERED,999999,999999
676,CONTENT_676,NOT_ANSWERED,999999,999999
677,CONTENT_677,NOT_ANSWERED,999999,999999
678,CONTENT_678,NOT_ANSWERED,999999,999999
679,CONTENT_679,NOT_ANSWERED,999999,999999
680,CONTENT_680,NOT_ANSWERED,999999,999999
681,CONTENT_681,NOT_ANSWERED,999999,999999
682,CONTENT_682,NOT_ANSWERED,999999,999999
683,CONTENT_683,NOT_ANSWERED,999999,999999
684,CONTENT_684,NOT_ANSWERED,999999,999999
685,CONTENT_685,NOT_ANSWERED,999999,999999
686,CONTENT_686,NOT_ANSWERED,999999,999999
687,CONTENT_687,NOT_ANSWERED,999999,999999
688,CONTENT_688,NOT_ANSWERED,999999,999999
689,CONTENT_689,NOT_ANSWERED,999999,999999
690,CONTENT_690,NOT_ANSWERED,999999,999999
691,CONTENT_691,NOT_ANSWERED,999999,999999
692,CONTENT_692,NOT_ANSWERED,999999,999999
693,CONTENT_693,NOT_ANSWERED,999999,999999
694,CONTENT_694,NOT_ANSWERED,999999,999999
695,CONTENT_695,NOT_ANSWERED,999999,999999
696,CONTENT_696,NOT_ANSWERED,999999,999999
697,CONTENT_697,NOT_ANSWERED,999999,999999
698,CONTENT_698,NOT_ANSWERED,999999,999999
699,CONTENT_699,NOT_ANSWERED,999999,999999
700,CONTENT_700,NOT_ANSWERED,999999,999999
701,CONTENT_701,NOT_ANSWERED,999999,999999
702,CONTENT_702,NOT_ANSWERED,999999,999999
703,CONTENT_703,NOT_ANSWERED,999999,999999
704,CONTENT_704,NOT_ANSWERED,999999,999999
705,CONTENT_705,NOT_ANSWERED,999999,999999
706,CONTENT_706,NOT_ANSWERED,999999,999999
707,CONTENT_707,NOT_ANSWERED,999999,999999
708,CONTENT_708,NOT_ANSWERED,999999,999999
709,CONTENT_709,NOT_ANSWERED,999999,999999
710,CONTENT_710,NOT_ANSWERED,999999,999999
711,CONTENT_711,NOT_ANSWERED,999999,999999
712,CONTENT_712,NOT_ANSWERED,999999,999999
713,CONTENT_713,NOT_ANSWERED,999999,999999
714,CONTENT_714,NOT_ANSWERED,999999,999999
715,CONTENT_715,NOT_ANSWERED,999999,999999
716,CONTENT_716,NOT_ANSWERED,999999,999999
717,CONTENT_717,NOT_ANSWERED,999999,999999
718,CONTENT_718,NOT_ANSWERED,999999,999999
719,CONTENT_719,NOT_ANSWERED,999999,999999
720,CONTENT_720,NOT_ANSWERED,999999,999999
721,CONTENT_721,NOT_ANSWERED,999999,999999
722,CONTENT_722,NOT_ANSWERED,999999,999999
723,CONTENT_723,NOT_ANSWERED,999999,999999
724,CONTENT_724,NOT_ANSWERED,999999,999999
725,CONTENT_725,NOT_ANSWERED,999999,999999
726,CONTENT_726,NOT_ANSWERED,999999,999999
727,CONTENT_727,NOT_ANSWERED,999999,999999
728,CONTENT_728,NOT_ANSWERED,999999,999999
729,CONTENT_729,NOT_ANSWERED,999999,999999
730,CONTENT_730,NOT_ANSWERED,999999,999999
731,CONTENT_731,NOT_ANSWERED,999999,999999
732,CONTENT_732,NOT_ANSWERED,999999,999999
733,CONTENT_733,NOT_ANSWERED,999999,999999
734,CONTENT_734,NOT_ANSWERED,999999,999999
735,CONTENT_735,NOT_ANSWERED,999999,999999
736,CONTENT_736,NOT_ANSWERED,999999,999999
737,CONTENT_737,NOT_ANSWERED,999999,999999
738,CONTENT_738,NOT_ANSWERED,999999,999999
739,CONTENT_739,NOT_ANSWERED,999999,999999
740,CONTENT_740,NOT_ANSWERED,999999,999999
741,CONTENT_741,NOT_ANSWERED,999999,999999
742,CONTENT_742,NOT_ANSWERED,999999,999999
743,CONTENT_743,NOT_ANSWERED,999999,999999
744,CONTENT_744,NOT_ANSWERED,999999,999999
745,CONTENT_745,NOT_ANSWERED,999999,999999
746,CONTENT_746,NOT_ANSWERED,999999,999999
747,CONTENT_747,NOT_ANSWERED,999999,999999
748,CONTENT_748,NOT_ANSWERED,999999,999999
749,CONTENT_749,NOT_ANSWERED,999999,999999
750,CONTENT_750,NOT_ANSWERED,999999,999999
751,CONTENT_751,NOT_ANSWERED,999999,999999
752,CONTENT_752,NOT_ANSWERED,999999,999999
753,CONTENT_753,NOT_ANSWERED,999999,999999
754,CONTENT_754,NOT_ANSWERED,999999,999999
755,CONTENT_755,NOT_ANSWERED,999999,999999
756,CONTENT_756,NOT_ANSWERED,999999,999999
757,CONTENT_757,NOT_ANSWERED,999999,999999
758,CONTENT_758,NOT_ANSWERED,999999,999999
759,CONTENT_759,NOT_ANSWERED,999999,999999
760,CONTENT_760,NOT_ANSWERED,999999,999999
761,CONTENT_761,NOT_ANSWERED,999999,999999
762,CONTENT_762,NOT_ANSWERED,999999,999999
763,CONTENT_763,NOT_ANSWERED,999999,999999
764,CONTENT_764,NOT_ANSWERED,999999,999999
765,CONTENT_765,NOT_ANSWERED,999999,999999
766,CONTENT_766,NOT_ANSWERED,999999,999999
767,CONTENT_767,NOT_ANSWERED,999999,999999
768,CONTENT_768,NOT_ANSWERED,999999,999999
769,CONTENT_769,NOT_ANSWERED,999999,999999
770,CONTENT_770,NOT_ANSWERED,999999,999999
771,CONTENT_771,NOT_ANSWERED,999999,999999
772,CONTENT_772,NOT_ANSWERED,999999,999999
773,CONTENT_773,NOT_ANSWERED,999999,999999
774,CONTENT_774,NOT_ANSWERED,999999,999999
775,CONTENT_775,NOT_ANSWERED,999999,999999
776,CONTENT_776,NOT_ANSWERED,999999,999999
777,CONTENT_777,NOT_ANSWERED,999999,999999
778,CONTENT_778,NOT_ANSWERED,999999,999999
779,CONTENT_779,NOT_ANSWERED,999999,999999
780,CONTENT_780,NOT_ANSWERED,999999,999999
781,CONTENT_781,NOT_ANSWERED,999999,999999
782,CONTENT_782,NOT_ANSWERED,999999,999999
783,CONTENT_783,NOT_ANSWERED,999999,999999
784,CONTENT_784,NOT_ANSWERED,999999,999999
785,CONTENT_785,NOT_ANSWERED,999999,999999
786,CONTENT_786,NOT_ANSWERED,999999,999999
787,CONTENT_787,NOT_ANSWERED,999999,999999
788,CONTENT_788,NOT_ANSWERED,999999,999999
789,CONTENT_789,NOT_ANSWERED,999999,999999
790,CONTENT_790,NOT_ANSWERED,999999,999999
791,CONTENT_791,NOT_ANSWERED,999999,999999
792,CONTENT_792,NOT_ANSWERED,999999,999999
793,CONTENT_793,NOT_ANSWERED,999999,999999
794,CONTENT_794,NOT_ANSWERED,999999,999999
795,CONTENT_795,NOT_ANSWERED,999999,999999
796,CONTENT_796,NOT_ANSWERED,999999,999999
797,CONTENT_797,NOT_ANSWERED,999999,999999
798,CONTENT_798,NOT_ANSWERED,999999,999999
799,CONTENT_799,NOT_ANSWERED,999999,999999
800,CONTENT_800,NOT_ANSWERED,999999,999999
801,CONTENT_801,NOT_ANSWERED,999999,999999
802,CONTENT_802,NOT_ANSWERED,999999,999999
803,CONTENT_803,NOT_ANSWERED,999999,999999
804,CONTENT_804,NOT_ANSWERED,999999,999999
805,CONTENT_805,NOT_ANSWERED,999999,999999
806,CONTENT_806,NOT_ANSWERED,999999,999999
807,CONTENT_807,NOT_ANSWERED,999999,999999
808,CONTENT_808,NOT_ANSWERED,999999,999999
809,CONTENT_809,NOT_ANSWERED,999999,999999
810,CONTENT_810,NOT_ANSWERED,999999,999999
811,CONTENT_811,NOT_ANSWERED,999999,999999
812,CONTENT_812,NOT_ANSWERED,999999,999999
813,CONTENT_813,NOT_ANSWERED,999999,999999
814,CONTENT_814,NOT_ANSWERED,999999,999999
815,CONTENT_815,NOT_ANSWERED,999999,999999
816,CONTENT_816,NOT_ANSWERED,999999,999999
817,CONTENT_817,NOT_ANSWERED,999999,999999
818,CONTENT_818,NOT_ANSWERED,999999,999999
819,CONTENT_819,NOT_ANSWERED,999999,999999
820,CONTENT_820,NOT_ANSWERED,999999,999999
821,CONTENT_821,NOT_ANSWERED,999999,999999
822,CONTENT_822,NOT_ANSWERED,999999,999999
823,CONTENT_823,NOT_ANSWERED,999999,999999
824,CONTENT_824,NOT_ANSWERED,999999,999999
825,CONTENT_825,NOT_ANSWERED,999999,999999
826,CONTENT_826,NOT_ANSWERED,999999,999999
827,CONTENT_827,NOT_ANSWERED,999999,999999
828,CONTENT_828,NOT_ANSWERED,999999,999999
829,CONTENT_829,NOT_ANSWERED,999999,999999
830,CONTENT_830,NOT_ANSWERED,999999,999999
831,CONTENT_831,NOT_ANSWERED,999999,999999
832,CONTENT_832,NOT_ANSWERED,999999,999999
833,CONTENT_833,NOT_ANSWERED,999999,999999
834,CONTENT_834,NOT_ANSWERED,999999,999999
835,CONTENT_835,NOT_ANSWERED,999999,999999
836,CONTENT_836,NOT_ANSWERED,999999,999999
837,CONTENT_837,NOT_ANSWERED,999999,999999
838,CONTENT_838,NOT_ANSWERED,999999,999999
839,CONTENT_839,NOT_ANSWERED,999999,999999
840,CONTENT_840,NOT_ANSWERED,999999,999999
841,CONTENT_841,NOT_ANSWERED,999999,999999
842,CONTENT_842,NOT_ANSWERED,999999,999999
843,CONTENT_843,NOT_ANSWERED,999999,999999
844,CONTENT_844,NOT_ANSWERED,999999,999999
845,CONTENT_845,NOT_ANSWERED,999999,999999
846,CONTENT_846,NOT_ANSWERED,999999,999999
847,CONTENT_847,NOT_ANSWERED,999999,999999
848,CONTENT_848,NOT_ANSWERED,999999,999999
849,CONTENT_849,NOT_ANSWERED,999999,999999
850,CONTENT_850,NOT_ANSWERED,999999,999999
851,CONTENT_851,NOT_ANSWERED,999999,999999
852,CONTENT_852,NOT_ANSWERED,999999,999999
853,CONTENT_853,NOT_ANSWERED,999999,999999
854,CONTENT_854,NOT_ANSWERED,999999,999999
855,CONTENT_855,NOT_ANSWERED,999999,999999
856,CONTENT_856,NOT_ANSWERED,999999,999999
857,CONTENT_857,NOT_ANSWERED,999999,999999
858,CONTENT_858,NOT_ANSWERED,999999,999999
859,CONTENT_859,NOT_ANSWERED,999999,999999
860,CONTENT_860,NOT_ANSWERED,999999,999999
861,CONTENT_861,NOT_ANSWERED,999999,999999
862,CONTENT_862,NOT_ANSWERED,999999,999999
863,CONTENT_863,NOT_ANSWERED,999999,999999
864,CONTENT_864,NOT_ANSWERED,999999,999999
865,CONTENT_865,NOT_ANSWERED,999999,999999
866,CONTENT_866,NOT_ANSWERED,999999,999999
867,CONTENT_867,NOT_ANSWERED,999999,999999
868,CONTENT_868,NOT_ANSWERED,999999,999999
869,CONTENT_869,NOT_ANSWERED,999999,999999
870,CONTENT_870,NOT_ANSWERED,999999,999999
871,CONTENT_871,NOT_ANSWERED,999999,999999
872,CONTENT_872,NOT_ANSWERED,999999,999999
873,CONTENT_873,NOT_ANSWERED,999999,999999
874,CONTENT_874,NOT_ANSWERED,999999,999999
875,CONTENT_875,NOT_ANSWERED,999999,999999
876,CONTENT_876,NOT_ANSWERED,999999,999999
877,CONTENT_877,NOT_ANSWERED,999999,999999
878,CONTENT_878,NOT_ANSWERED,999999,999999
879,CONTENT_879,NOT_ANSWERED,999999,999999
880,CONTENT_880,NOT_ANSWERED,999999,999999
881,CONTENT_881,NOT_ANSWERED,999999,999999
882,CONTENT_882,NOT_ANSWERED,999999,999999
883,CONTENT_883,NOT_ANSWERED,999999,999999
884,CONTENT_884,NOT_ANSWERED,999999,999999
885,CONTENT_885,NOT_ANSWERED,999999,999999
886,CONTENT_886,NOT_ANSWERED,999999,999999
887,CONTENT_887,NOT_ANSWERED,999999,999999
888,CONTENT_888,NOT_ANSWERED,999999,999999
889,CONTENT_889,NOT_ANSWERED,999999,999999
890,CONTENT_890,NOT_ANSWERED,999999,999999
891,CONTENT_891,NOT_ANSWERED,999999,999999
892,CONTENT_892,NOT_ANSWERED,999999,999999
893,CONTENT_893,NOT_ANSWERED,999999,999999
894,CONTENT_894,NOT_ANSWERED,999999,999999
895,CONTENT_895,NOT_ANSWERED,999999,999999
896,CONTENT_896,NOT_ANSWERED,999999,999999
897,CONTENT_897,NOT_ANSWERED,999999,999999
898,CONTENT_898,NOT_ANSWERED,999999,999999
899,CONTENT_899,NOT_ANSWERED,999999,999999
900,CONTENT_900,NOT_ANSWERED,999999,999999
901,CONTENT_901,NOT_ANSWERED,999999,999999
902,CONTENT_902,NOT_ANSWERED,999999,999999
903,CONTENT_903,NOT_ANSWERED,999999,999999
904,CONTENT_904,NOT_ANSWERED,999999,999999
905,CONTENT_905,NOT_ANSWERED,999999,999999
906,CONTENT_906,NOT_ANSWERED,999999,999999
907,CONTENT_907,NOT_ANSWERED,999999,999999
908,CONTENT_908,NOT_ANSWERED,999999,999999
909,CONTENT_909,NOT_ANSWERED,999999,999999
910,CONTENT_910,NOT_ANSWERED,999999,999999
911,CONTENT_911,NOT_ANSWERED,999999,999999
912,CONTENT_912,NOT_ANSWERED,999999,999999
913,CONTENT_913,NOT_ANSWERED,999999,999999
914,CONTENT_914,NOT_ANSWERED,999999,999999
915,CONTENT_915,NOT_ANSWERED,999999,999999
916,CONTENT_916,NOT_ANSWERED,999999,999999
917,CONTENT_917,NOT_ANSWERED,999999,999999
918,CONTENT_918,NOT_ANSWERED,999999,999999
919,CONTENT_919,NOT_ANSWERED,999999,999999
920,CONTENT_920,NOT_ANSWERED,999999,999999
921,CONTENT_921,NOT_ANSWERED,999999,999999
922,CONTENT_922,NOT_ANSWERED,999999,999999
923,CONTENT_923,NOT_ANSWERED,999999,999999
924,CONTENT_924,NOT_ANSWERED,999999,999999
925,CONTENT_925,NOT_ANSWERED,999999,999999
926,CONTENT_926,NOT_ANSWERED,999999,999999
927,CONTENT_927,NOT_ANSWERED,999999,999999
928,CONTENT_928,NOT_ANSWERED,999999,999999
929,CONTENT_929,NOT_ANSWERED,999999,999999
930,CONTENT_930,NOT_ANSWERED,999999,999999
931,CONTENT_931,NOT_ANSWERED,999999,999999
932,CONTENT_932,NOT_ANSWERED,999999,999999
933,CONTENT_933,NOT_ANSWERED,999999,999999
934,CONTENT_934,NOT_ANSWERED,999999,999999
935,CONTENT_935,NOT_ANSWERED,999999,999999
936,CONTENT_936,NOT_ANSWERED,999999,999999
937,CONTENT_937,NOT_ANSWERED,999999,999999
938,CONTENT_938,NOT_ANSWERED,999999,999999
939,CONTENT_939,NOT_ANSWERED,999999,999999
940,CONTENT_940,NOT_ANSWERED,999999,999999
941,CONTENT_941,NOT_ANSWERED,999999,999999
942,CONTENT_942,NOT_ANSWERED,999999,999999
943,CONTENT_943,NOT_ANSWERED,999999,999999
944,CONTENT_944,NOT_ANSWERED,999999,999999
945,CONTENT_945,NOT_ANSWERED,999999,999999
946,CONTENT_946,NOT_ANSWERED,999999,999999
947,CONTENT_947,NOT_ANSWERED,999999,999999
948,CONTENT_948,NOT_ANSWERED,999999,999999
949,CONTENT_949,NOT_ANSWERED,999999,999999
950,CONTENT_950,NOT_ANSWERED,999999,999999
951,CONTENT_951,NOT_ANSWERED,999999,999999
952,CONTENT_952,NOT_ANSWERED,999999,999999
953,CONTENT_953,NOT_ANSWERED,999999,999999
954,CONTENT_954,NOT_ANSWERED,999999,999999
955,CONTENT_955,NOT_ANSWERED,999999,999999
956,CONTENT_956,NOT_ANSWERED,999999,999999
957,CONTENT_957,NOT_ANSWERED,999999,999999
958,CONTENT_958,NOT_ANSWERED,999999,999999
959,CONTENT_959,NOT_ANSWERED,999999,999999
960,CONTENT_960,NOT_ANSWERED,999999,999999
961,CONTENT_961,NOT_ANSWERED,999999,999999
962,CONTENT_962,NOT_ANSWERED,999999,999999
963,CONTENT_963,NOT_ANSWERED,999999,999999
964,CONTENT_964,NOT_ANSWERED,999999,999999
965,CONTENT_965,NOT_ANSWERED,999999,999999
966,CONTENT_966,NOT_ANSWERED,999999,999999
967,CONTENT_967,NOT_ANSWERED,999999,999999
968,CONTENT_968,NOT_ANSWERED,999999,999999
969,CONTENT_969,NOT_ANSWERED,999999,999999
970,CONTENT_970,NOT_ANSWERED,999999,999999
971,CONTENT_971,NOT_ANSWERED,999999,999999
972,CONTENT_972,NOT_ANSWERED,999999,999999
973,CONTENT_973,NOT_ANSWERED,999999,999999
974,CONTENT_974,NOT_ANSWERED,999999,999999
975,CONTENT_975,NOT_ANSWERED,999999,999999
976,CONTENT_976,NOT_ANSWERED,999999,999999
977,CONTENT_977,NOT_ANSWERED,999999,999999
978,CONTENT_978,NOT_ANSWERED,999999,999999
979,CONTENT_979,NOT_ANSWERED,999999,999999
980,CONTENT_980,NOT_ANSWERED,999999,999999
981,CONTENT_981,NOT_ANSWERED,999999,999999
982,CONTENT_982,NOT_ANSWERED,999999,999999
983,CONTENT_983,NOT_ANSWERED,999999,999999
984,CONTENT_984,NOT_ANSWERED,999999,999999
985,CONTENT_985,NOT_ANSWERED,999999,999999
986,CONTENT_986,NOT_ANSWERED,999999,999999
987,CONTENT_987,NOT_ANSWERED,999999,999999
988,CONTENT_988,NOT_ANSWERED,999999,999999
989,CONTENT_989,NOT_ANSWERED,999999,999999
990,CONTENT_990,NOT_ANSWERED,999999,999999
991,CONTENT_991,NOT_ANSWERED,999999,999999
992,CONTENT_992,NOT_ANSWERED,999999,999999
993,CONTENT_993,NOT_ANSWERED,999999,999999
994,CONTENT_994,NOT_ANSWERED,999999,999999
995,CONTENT_995,NOT_ANSWERED,999999,999999
996,CONTENT_996,NOT_ANSWERED,999999,999999
997,CONTENT_997,NOT_ANSWERED,999999,999999
998,CONTENT_998,NOT_ANSWERED,999999,999999
999,CONTENT_999,NOT_ANSWERED,999999,999999
1000,CONTENT_1000,NOT_ANSWERED,999999,999999
